"","GOterm","ParentTerm","Factor"
"1","GO:0000003","gonad development, development of primary sexual characteristics, sex differentiation","Biomin, Down, Up"
"2","GO:0000041","divalent metal ion transport","Biomin"
"3","GO:0000122","negative regulation of nucleobase-containing compound metabolic process, negative regulation of transcription by RNA polymerase II","Biomin, Down, Up"
"4","GO:0000132","establishment of mitotic spindle orientation","Biomin"
"5","GO:0000165","G protein-coupled receptor signaling pathway","Down"
"6","GO:0000226","microtubule-based process, microtubule-based movement","Biomin, Down, Up"
"7","GO:0000278","microtubule cytoskeleton organization involved in mitosis, negative regulation of cell cycle, meiotic nuclear division","Biomin, Down, Up"
"8","GO:0000280","organelle fission","Up"
"9","GO:0000281","cytoskeleton-dependent cytokinesis","Biomin"
"10","GO:0000302","response to reactive oxygen species","Biomin"
"11","GO:0000305","response to reactive oxygen species","Biomin"
"12","GO:0000375","mRNA metabolic process","Down"
"13","GO:0000820","regulation of glutamine family amino acid metabolic process","Biomin"
"14","GO:0000902","regulation of cell morphogenesis involved in differentiation, plasma membrane bounded cell projection morphogenesis","Biomin, Down, Up"
"15","GO:0000904","regulation of cell morphogenesis involved in differentiation, plasma membrane bounded cell projection morphogenesis","Biomin, Down, Up"
"16","GO:0000910","cytoskeleton-dependent cytokinesis","Biomin"
"17","GO:0001101","response to reactive oxygen species, response to acid chemical","Biomin, Up"
"18","GO:0001505","ion homeostasis, regulation of neurotransmitter levels, regulation of synapse structure or activity","Biomin, Down, Up"
"19","GO:0001558","regulation of axon extension involved in axon guidance, growth","Biomin, Down"
"20","GO:0001654","sensory organ development, embryonic organ morphogenesis, eye morphogenesis","Biomin, Down, Up"
"21","GO:0001666","response to decreased oxygen levels, response to ionizing radiation","Biomin, Down"
"22","GO:0001667","flagellated sperm motility","Biomin"
"23","GO:0001704","embryonic morphogenesis","Biomin"
"24","GO:0001707","epidermis development","Biomin"
"25","GO:0001736","regulation of cell morphogenesis involved in differentiation","Biomin"
"26","GO:0001738","epidermis development","Biomin"
"27","GO:0001763","regulation of cell morphogenesis involved in differentiation","Biomin"
"28","GO:0001775","regulation of cell activation, cell activation","Down, Up"
"29","GO:0001932","negative regulation of protein metabolic process, regulation of metabolic process, negative regulation of protein modification process","Biomin, Down, Up"
"30","GO:0001933","ribose phosphate metabolic process, organophosphate biosynthetic process","Down, Up"
"31","GO:0001934","negative regulation of protein metabolic process, regulation of metabolic process, negative regulation of protein modification process","Biomin, Down, Up"
"32","GO:0002009","epidermis development, morphogenesis of embryonic epithelium, epithelial cell development","Biomin, Down, Up"
"33","GO:0002028","regulation of vesicle-mediated transport","Biomin"
"34","GO:0002064","epidermis development, morphogenesis of embryonic epithelium, epithelial cell development","Biomin, Down, Up"
"35","GO:0002119","nematode larval development, regionalization, larval development","Biomin, Down, Up"
"36","GO:0002164","nematode larval development, regionalization, larval development","Biomin, Down, Up"
"37","GO:0002252","regulation of immune effector process, positive regulation of immune system process","Down, Up"
"38","GO:0002376","immune system process, regulation of immune effector process, positive regulation of immune system process","Biomin, Down, Up"
"39","GO:0002521","regulation of hemopoiesis","Down"
"40","GO:0002682","regulation of immune effector process, positive regulation of immune system process","Down, Up"
"41","GO:0002684","regulation of immune effector process, positive regulation of immune system process","Down, Up"
"42","GO:0002694","regulation of cell activation","Down"
"43","GO:0002697","regulation of immune effector process","Down"
"44","GO:0002791","positive regulation of peptide secretion","Down"
"45","GO:0002793","positive regulation of peptide secretion","Down"
"46","GO:0003002","embryonic morphogenesis, regionalization, larval development","Biomin, Down, Up"
"47","GO:0003006","gonad development, development of primary sexual characteristics, sex differentiation","Biomin, Down, Up"
"48","GO:0003007","sensory organ development","Biomin"
"49","GO:0003008","regulation of muscle system process, learning, sensory perception","Biomin, Down, Up"
"50","GO:0003013","regulation of muscle system process","Biomin"
"51","GO:0003381","epidermis development","Biomin"
"52","GO:0003382","epidermis development","Biomin"
"53","GO:0003383","epidermis development","Biomin"
"54","GO:0003384","epidermis development","Biomin"
"55","GO:0005975","carbohydrate metabolic process","Down, Up"
"56","GO:0006082","oxoacid metabolic process, nucleotide metabolic process, carboxylic acid biosynthetic process","Biomin, Down, Up"
"57","GO:0006091","energy derivation by oxidation of organic compounds","Up"
"58","GO:0006139","purine nucleotide metabolic process, mRNA metabolic process","Biomin, Down, Up"
"59","GO:0006163","purine nucleotide metabolic process, mRNA metabolic process","Biomin, Down, Up"
"60","GO:0006259","regulation of DNA metabolic process","Down, Up"
"61","GO:0006281","response to oxidative stress, cellular response to DNA damage stimulus","Down, Up"
"62","GO:0006325","cortical cytoskeleton organization, epigenetic regulation of gene expression","Biomin, Down"
"63","GO:0006338","cortical cytoskeleton organization","Biomin"
"64","GO:0006351","transcription by RNA polymerase II","Down, Up"
"65","GO:0006355","regulation of small molecule metabolic process, regulation of metabolic process, negative regulation of protein modification process","Biomin, Down, Up"
"66","GO:0006357","regulation of small molecule metabolic process, transcription by RNA polymerase II","Biomin, Down, Up"
"67","GO:0006366","transcription by RNA polymerase II","Down, Up"
"68","GO:0006396","mRNA metabolic process","Down, Up"
"69","GO:0006397","mRNA metabolic process","Down, Up"
"70","GO:0006464","macromolecule deacylation","Biomin"
"71","GO:0006468","ribose phosphate metabolic process, organophosphate biosynthetic process","Down, Up"
"72","GO:0006471","macromolecule deacylation","Biomin"
"73","GO:0006473","macromolecule deacylation","Biomin"
"74","GO:0006475","macromolecule deacylation","Biomin"
"75","GO:0006476","macromolecule deacylation","Biomin"
"76","GO:0006508","protein processing, macromolecule metabolic process, purine nucleotide metabolic process","Biomin, Down, Up"
"77","GO:0006511","positive regulation of protein catabolic process","Up"
"78","GO:0006518","peptide catabolic process, amide biosynthetic process","Biomin, Up"
"79","GO:0006520","oxoacid metabolic process","Biomin"
"80","GO:0006521","regulation of glutamine family amino acid metabolic process","Biomin"
"81","GO:0006575","cellular modified amino acid metabolic process","Biomin"
"82","GO:0006605","nucleocytoplasmic transport","Up"
"83","GO:0006629","lipid metabolic process, cellular lipid metabolic process, lipid biosynthetic process","Biomin, Down, Up"
"84","GO:0006725","purine nucleotide metabolic process, metabolic process","Biomin, Down, Up"
"85","GO:0006739","NADP metabolic process","Biomin"
"86","GO:0006749","cellular modified amino acid metabolic process","Biomin"
"87","GO:0006753","oxoacid metabolic process, nucleotide metabolic process, carboxylic acid biosynthetic process","Biomin, Down, Up"
"88","GO:0006766","oxoacid metabolic process","Biomin"
"89","GO:0006767","oxoacid metabolic process","Biomin"
"90","GO:0006790","sulfur compound metabolic process","Biomin, Up"
"91","GO:0006793","ribose phosphate metabolic process, organophosphate biosynthetic process","Biomin, Down, Up"
"92","GO:0006796","ribose phosphate metabolic process, organophosphate biosynthetic process","Biomin, Down, Up"
"93","GO:0006807","cellular nitrogen compound metabolic process, metabolic process","Biomin, Down, Up"
"94","GO:0006810","vesicle-mediated transport, metal ion transport, endocytosis","Biomin, Down, Up"
"95","GO:0006811","divalent metal ion transport, metal ion transport, endocytosis","Biomin, Down, Up"
"96","GO:0006812","divalent metal ion transport, metal ion transport, endocytosis","Biomin, Down, Up"
"97","GO:0006814","divalent metal ion transport","Biomin"
"98","GO:0006816","divalent metal ion transport","Biomin"
"99","GO:0006820","chloride transport, endocytosis","Biomin, Up"
"100","GO:0006821","chloride transport","Biomin"
"101","GO:0006825","divalent metal ion transport","Biomin"
"102","GO:0006826","divalent metal ion transport","Biomin"
"103","GO:0006873","ion homeostasis, intracellular monoatomic ion homeostasis, intracellular monoatomic cation homeostasis","Biomin, Down, Up"
"104","GO:0006874","ion homeostasis","Biomin"
"105","GO:0006875","ion homeostasis","Biomin"
"106","GO:0006879","ion homeostasis","Biomin"
"107","GO:0006885","ion homeostasis","Biomin"
"108","GO:0006886","metal ion transport, nucleocytoplasmic transport","Down, Up"
"109","GO:0006887","regulated exocytosis, secretion","Down, Up"
"110","GO:0006897","vesicle-mediated transport, metal ion transport, endocytosis","Biomin, Down, Up"
"111","GO:0006913","nucleocytoplasmic transport","Up"
"112","GO:0006915","apoptotic process, regulation of neuron death","Biomin, Down, Up"
"113","GO:0006928","actin-mediated cell contraction","Biomin"
"114","GO:0006935","neuron projection guidance, axon guidance, chemotaxis","Biomin, Down, Up"
"115","GO:0006950","cellular response to stress, response to oxidative stress, cellular response to DNA damage stimulus","Biomin, Down, Up"
"116","GO:0006952","response to oxidative stress, cellular response to DNA damage stimulus","Down, Up"
"117","GO:0006955","regulation of immune effector process, positive regulation of immune system process","Down, Up"
"118","GO:0006974","response to oxidative stress, cellular response to DNA damage stimulus","Down, Up"
"119","GO:0006979","response to axon injury, response to oxidative stress, cellular response to DNA damage stimulus","Biomin, Down, Up"
"120","GO:0006996","organelle organization, epigenetic regulation of gene expression, organelle fission","Biomin, Down, Up"
"121","GO:0007005","organelle fission","Up"
"122","GO:0007010","cortical cytoskeleton organization, epigenetic regulation of gene expression, organelle fission","Biomin, Down, Up"
"123","GO:0007015","organelle organization","Biomin"
"124","GO:0007017","microtubule-based process, microtubule-based movement","Biomin, Down, Up"
"125","GO:0007018","microtubule-based movement","Down"
"126","GO:0007043","synapse organization","Biomin"
"127","GO:0007049","microtubule cytoskeleton organization involved in mitosis, negative regulation of cell cycle, meiotic nuclear division","Biomin, Down, Up"
"128","GO:0007154","positive regulation of cell communication, modulation of chemical synaptic transmission, regulation of trans-synaptic signaling","Biomin, Down, Up"
"129","GO:0007155","heterophilic cell-cell adhesion via plasma membrane cell adhesion molecules, cell adhesion","Biomin, Up"
"130","GO:0007156","heterophilic cell-cell adhesion via plasma membrane cell adhesion molecules","Biomin"
"131","GO:0007157","heterophilic cell-cell adhesion via plasma membrane cell adhesion molecules","Biomin"
"132","GO:0007163","establishment of mitotic spindle orientation, establishment or maintenance of cell polarity","Biomin, Down"
"133","GO:0007164","regulation of cell morphogenesis involved in differentiation","Biomin"
"134","GO:0007165","positive regulation of signal transduction, G protein-coupled receptor signaling pathway, enzyme-linked receptor protein signaling pathway","Biomin, Down, Up"
"135","GO:0007166","positive regulation of signal transduction, G protein-coupled receptor signaling pathway, enzyme-linked receptor protein signaling pathway","Biomin, Down, Up"
"136","GO:0007167","positive regulation of signal transduction, G protein-coupled receptor signaling pathway, enzyme-linked receptor protein signaling pathway","Biomin, Down, Up"
"137","GO:0007169","positive regulation of signal transduction, G protein-coupled receptor signaling pathway","Biomin, Down"
"138","GO:0007186","G protein-coupled receptor signaling pathway","Down"
"139","GO:0007204","ion homeostasis","Biomin"
"140","GO:0007264","regulation of intracellular signal transduction","Biomin"
"141","GO:0007265","regulation of intracellular signal transduction","Biomin"
"142","GO:0007266","regulation of intracellular signal transduction","Biomin"
"143","GO:0007267","positive regulation of cell communication, modulation of chemical synaptic transmission, regulation of trans-synaptic signaling","Biomin, Down, Up"
"144","GO:0007268","positive regulation of cell communication, modulation of chemical synaptic transmission","Biomin, Down"
"145","GO:0007271","positive regulation of cell communication","Biomin"
"146","GO:0007275","aging, regionalization, larval development","Biomin, Down, Up"
"147","GO:0007276","sexual reproduction, development of primary sexual characteristics, sex differentiation","Biomin, Down, Up"
"148","GO:0007281","development of primary sexual characteristics, sex differentiation","Down, Up"
"149","GO:0007283","sexual reproduction, development of primary sexual characteristics, sex differentiation","Biomin, Down, Up"
"150","GO:0007292","development of primary sexual characteristics, sex differentiation","Down, Up"
"151","GO:0007346","negative regulation of cell cycle, meiotic nuclear division","Down, Up"
"152","GO:0007369","embryonic morphogenesis, gastrulation","Biomin, Down"
"153","GO:0007389","embryonic morphogenesis, regionalization, larval development","Biomin, Down, Up"
"154","GO:0007399","sensory organ development, system development, reproductive system development","Biomin, Down, Up"
"155","GO:0007409","regulation of cell morphogenesis involved in differentiation","Biomin, Down"
"156","GO:0007411","neuron projection guidance, axon guidance","Biomin, Down"
"157","GO:0007413","cell development","Biomin"
"158","GO:0007417","sensory organ development, system development, reproductive system development","Biomin, Down, Up"
"159","GO:0007419","sensory organ development","Biomin"
"160","GO:0007420","head development, brain development","Biomin, Down, Up"
"161","GO:0007423","sensory organ development, embryonic organ morphogenesis, eye morphogenesis","Biomin, Down, Up"
"162","GO:0007498","epidermis development","Biomin"
"163","GO:0007507","sensory organ development, reproductive system development","Biomin, Up"
"164","GO:0007517","muscle structure development","Biomin, Up"
"165","GO:0007528","synapse organization","Biomin"
"166","GO:0007548","gonad development, development of primary sexual characteristics, sex differentiation","Biomin, Down, Up"
"167","GO:0007568","aging, multicellular organism aging","Biomin, Down, Up"
"168","GO:0007584","regulation of response to external stimulus","Biomin"
"169","GO:0007596","coagulation","Biomin"
"170","GO:0007599","ion homeostasis","Biomin"
"171","GO:0007600","regulation of muscle system process, learning, sensory perception","Biomin, Down, Up"
"172","GO:0007605","regulation of muscle system process","Biomin"
"173","GO:0007610","locomotory behavior, sensory perception","Biomin, Down, Up"
"174","GO:0007611","learning","Down"
"175","GO:0007612","learning","Down"
"176","GO:0007613","learning","Down"
"177","GO:0007626","locomotory behavior","Biomin, Down"
"178","GO:0007631","locomotory behavior","Biomin"
"179","GO:0008015","regulation of muscle system process","Biomin"
"180","GO:0008037","neuron recognition","Biomin"
"181","GO:0008038","neuron recognition","Biomin"
"182","GO:0008104","macromolecule localization, metal ion transport, nucleocytoplasmic transport","Biomin, Down, Up"
"183","GO:0008152","cellular nitrogen compound metabolic process, metabolic process","Biomin, Down, Up"
"184","GO:0008202","lipid metabolic process","Biomin"
"185","GO:0008209","ion homeostasis","Biomin"
"186","GO:0008210","ion homeostasis","Biomin"
"187","GO:0008219","apoptotic process, regulation of neuron death","Biomin, Down, Up"
"188","GO:0008277","positive regulation of signal transduction","Biomin"
"189","GO:0008283","cell population proliferation, regulation of cell population proliferation","Biomin, Down, Up"
"190","GO:0008284","regulation of cell population proliferation","Down"
"191","GO:0008285","regulation of cell population proliferation, cell population proliferation","Down, Up"
"192","GO:0008361","ion homeostasis, regulation of neurotransmitter levels","Biomin, Down"
"193","GO:0008380","mRNA metabolic process","Down"
"194","GO:0008406","gonad development, development of primary sexual characteristics","Biomin, Down"
"195","GO:0008544","epidermis development","Biomin"
"196","GO:0008582","synapse organization","Biomin"
"197","GO:0008585","gonad development","Biomin"
"198","GO:0008610","cellular lipid metabolic process, lipid biosynthetic process","Down, Up"
"199","GO:0009056","cellular protein catabolic process, cellular macromolecule catabolic process, positive regulation of protein catabolic process","Biomin, Down, Up"
"200","GO:0009057","cellular protein catabolic process, cellular macromolecule catabolic process, positive regulation of protein catabolic process","Biomin, Down, Up"
"201","GO:0009058","transcription by RNA polymerase II","Down, Up"
"202","GO:0009059","transcription by RNA polymerase II","Down, Up"
"203","GO:0009069","oxoacid metabolic process","Biomin"
"204","GO:0009117","oxoacid metabolic process, nucleotide metabolic process, carboxylic acid biosynthetic process","Biomin, Down, Up"
"205","GO:0009150","purine nucleotide metabolic process, ribose phosphate metabolic process, organophosphate biosynthetic process","Biomin, Down, Up"
"206","GO:0009187","oxoacid metabolic process","Biomin"
"207","GO:0009235","cobalamin metabolic process","Biomin"
"208","GO:0009259","ribose phosphate metabolic process, organophosphate biosynthetic process","Biomin, Down, Up"
"209","GO:0009266","response to decreased oxygen levels, response to radiation","Biomin, Up"
"210","GO:0009314","response to ionizing radiation, response to radiation","Down, Up"
"211","GO:0009409","response to decreased oxygen levels","Biomin"
"212","GO:0009410","response to alcohol","Down"
"213","GO:0009415","response to reactive oxygen species","Biomin"
"214","GO:0009581","detection of external stimulus","Biomin"
"215","GO:0009582","detection of external stimulus","Biomin"
"216","GO:0009605","regulation of response to external stimulus, axon guidance, chemotaxis","Biomin, Down, Up"
"217","GO:0009607","detection of stimulus, response to biotic stimulus","Down, Up"
"218","GO:0009611","response to axon injury, response to oxidative stress, cellular response to DNA damage stimulus","Biomin, Down, Up"
"219","GO:0009612","response to decreased oxygen levels, response to ionizing radiation","Biomin, Down"
"220","GO:0009628","response to decreased oxygen levels, response to ionizing radiation, response to radiation","Biomin, Down, Up"
"221","GO:0009636","cellular response to chemical stimulus, response to alcohol, response to acid chemical","Biomin, Down, Up"
"222","GO:0009653","regulation of cell morphogenesis involved in differentiation, plasma membrane bounded cell projection morphogenesis","Biomin, Down, Up"
"223","GO:0009719","cellular response to stress, cellular response to hormone stimulus, response to growth factor","Biomin, Down, Up"
"224","GO:0009725","cellular response to stress, cellular response to hormone stimulus, response to growth factor","Biomin, Down, Up"
"225","GO:0009790","embryonic morphogenesis, gastrulation, larval development","Biomin, Down, Up"
"226","GO:0009791","nematode larval development, regionalization, larval development","Biomin, Down, Up"
"227","GO:0009792","embryonic morphogenesis, gastrulation, larval development","Biomin, Down, Up"
"228","GO:0009798","larval development","Up"
"229","GO:0009886","nematode larval development, regulation of cell morphogenesis involved in differentiation, plasma membrane bounded cell projection morphogenesis","Biomin, Down, Up"
"230","GO:0009887","sensory organ development, embryonic organ morphogenesis, eye morphogenesis","Biomin, Down, Up"
"231","GO:0009888","epidermis development, morphogenesis of embryonic epithelium, epithelial cell development","Biomin, Down, Up"
"232","GO:0009889","regulation of small molecule metabolic process, regulation of metabolic process, negative regulation of protein modification process","Biomin, Down, Up"
"233","GO:0009890","negative regulation of nucleobase-containing compound metabolic process, negative regulation of transcription by RNA polymerase II","Biomin, Down, Up"
"234","GO:0009891","positive regulation of biological process","Down, Up"
"235","GO:0009892","negative regulation of nucleobase-containing compound metabolic process, negative regulation of transcription by RNA polymerase II","Biomin, Down, Up"
"236","GO:0009893","positive regulation of biological process","Biomin, Down, Up"
"237","GO:0009894","cellular protein catabolic process, cellular macromolecule catabolic process, positive regulation of protein catabolic process","Biomin, Down, Up"
"238","GO:0009895","cellular protein catabolic process, cellular macromolecule catabolic process","Biomin, Down"
"239","GO:0009896","cellular protein catabolic process, cellular macromolecule catabolic process, positive regulation of protein catabolic process","Biomin, Down, Up"
"240","GO:0009913","epidermis development","Biomin"
"241","GO:0009966","positive regulation of signal transduction, G protein-coupled receptor signaling pathway, enzyme-linked receptor protein signaling pathway","Biomin, Down, Up"
"242","GO:0009967","positive regulation of signal transduction, G protein-coupled receptor signaling pathway, enzyme-linked receptor protein signaling pathway","Biomin, Down, Up"
"243","GO:0009968","positive regulation of signal transduction, G protein-coupled receptor signaling pathway, enzyme-linked receptor protein signaling pathway","Biomin, Down, Up"
"244","GO:0009987","cellular process","Biomin, Down, Up"
"245","GO:0009991","regulation of response to external stimulus, axon guidance, chemotaxis","Biomin, Down, Up"
"246","GO:0010033","cellular response to chemical stimulus, response to alcohol, response to acid chemical","Biomin, Down, Up"
"247","GO:0010035","cellular response to chemical stimulus, response to alcohol, response to acid chemical","Biomin, Down, Up"
"248","GO:0010038","cellular response to chemical stimulus","Biomin"
"249","GO:0010171","regulation of cell morphogenesis involved in differentiation","Biomin"
"250","GO:0010212","response to ionizing radiation","Down"
"251","GO:0010243","cellular response to chemical stimulus, response to alcohol, response to acid chemical","Biomin, Down, Up"
"252","GO:0010256","epigenetic regulation of gene expression","Down"
"253","GO:0010259","multicellular organism aging","Up"
"254","GO:0010467","cellular macromolecule metabolic process, macromolecule metabolic process, mRNA metabolic process","Biomin, Down, Up"
"255","GO:0010468","regulation of small molecule metabolic process, regulation of metabolic process, negative regulation of protein modification process","Biomin, Down, Up"
"256","GO:0010498","positive regulation of protein catabolic process","Up"
"257","GO:0010556","regulation of small molecule metabolic process, regulation of metabolic process, negative regulation of protein modification process","Biomin, Down, Up"
"258","GO:0010557","positive regulation of biological process","Down, Up"
"259","GO:0010558","negative regulation of nucleobase-containing compound metabolic process, negative regulation of transcription by RNA polymerase II","Biomin, Down, Up"
"260","GO:0010562","negative regulation of protein metabolic process, ribose phosphate metabolic process, organophosphate biosynthetic process","Biomin, Down, Up"
"261","GO:0010563","ribose phosphate metabolic process, organophosphate biosynthetic process","Down, Up"
"262","GO:0010564","microtubule cytoskeleton organization involved in mitosis, negative regulation of cell cycle, meiotic nuclear division","Biomin, Down, Up"
"263","GO:0010565","regulation of small molecule metabolic process","Biomin"
"264","GO:0010604","positive regulation of biological process","Biomin, Down, Up"
"265","GO:0010605","negative regulation of nucleobase-containing compound metabolic process, negative regulation of transcription by RNA polymerase II","Biomin, Down, Up"
"266","GO:0010628","positive regulation of biological process","Down, Up"
"267","GO:0010629","negative regulation of nucleobase-containing compound metabolic process, negative regulation of transcription by RNA polymerase II","Biomin, Down, Up"
"268","GO:0010638","epigenetic regulation of gene expression, organelle fission","Down, Up"
"269","GO:0010639","epigenetic regulation of gene expression, organelle fission","Down, Up"
"270","GO:0010646","positive regulation of cell communication, modulation of chemical synaptic transmission, regulation of trans-synaptic signaling","Biomin, Down, Up"
"271","GO:0010647","positive regulation of cell communication, modulation of chemical synaptic transmission, regulation of trans-synaptic signaling","Biomin, Down, Up"
"272","GO:0010648","positive regulation of cell communication, modulation of chemical synaptic transmission, regulation of trans-synaptic signaling","Biomin, Down, Up"
"273","GO:0010720","negative regulation of cell morphogenesis involved in differentiation, negative regulation of cell development, positive regulation of cell development","Biomin, Down, Up"
"274","GO:0010721","negative regulation of cell morphogenesis involved in differentiation, negative regulation of cell development","Biomin, Down"
"275","GO:0010769","regulation of cell morphogenesis involved in differentiation","Biomin, Down"
"276","GO:0010771","negative regulation of cell morphogenesis involved in differentiation","Biomin"
"277","GO:0010817","ion homeostasis, regulation of neurotransmitter levels","Biomin, Down"
"278","GO:0010927","regulation of cell morphogenesis involved in differentiation","Biomin"
"279","GO:0010941","apoptotic process, regulation of neuron death","Biomin, Down, Up"
"280","GO:0010942","apoptotic process, regulation of neuron death","Biomin, Down, Up"
"281","GO:0010959","regulation of vesicle-mediated transport","Biomin"
"282","GO:0010975","regulation of nervous system development, epigenetic regulation of gene expression, organelle fission","Biomin, Down, Up"
"283","GO:0010976","epigenetic regulation of gene expression","Down"
"284","GO:0010977","regulation of nervous system development","Biomin"
"285","GO:0012501","apoptotic process, regulation of neuron death","Biomin, Down, Up"
"286","GO:0014070","cellular response to chemical stimulus, response to alcohol, response to acid chemical","Biomin, Down, Up"
"287","GO:0014866","muscle structure development","Biomin"
"288","GO:0014902","muscle structure development","Biomin"
"289","GO:0015031","metal ion transport, nucleocytoplasmic transport","Down, Up"
"290","GO:0015672","divalent metal ion transport","Biomin"
"291","GO:0015698","chloride transport","Biomin"
"292","GO:0015701","chloride transport","Biomin"
"293","GO:0015711","chloride transport, endocytosis","Biomin, Up"
"294","GO:0015833","positive regulation of peptide secretion, amide transport","Down, Up"
"295","GO:0015980","energy derivation by oxidation of organic compounds","Up"
"296","GO:0016043","organelle organization, epigenetic regulation of gene expression, organelle fission","Biomin, Down, Up"
"297","GO:0016049","regulation of axon extension involved in axon guidance","Biomin"
"298","GO:0016053","carboxylic acid biosynthetic process","Up"
"299","GO:0016070","mRNA metabolic process","Down, Up"
"300","GO:0016071","mRNA metabolic process","Down, Up"
"301","GO:0016072","mRNA metabolic process","Down"
"302","GO:0016192","vesicle-mediated transport, metal ion transport, endocytosis","Biomin, Down, Up"
"303","GO:0016259","oxoacid metabolic process","Biomin"
"304","GO:0016310","ribose phosphate metabolic process, organophosphate biosynthetic process","Down, Up"
"305","GO:0016331","epidermis development, morphogenesis of embryonic epithelium","Biomin, Down"
"306","GO:0016358","cell development","Biomin"
"307","GO:0016477","flagellated sperm motility, positive regulation of cell migration, regulation of cell migration","Biomin, Down, Up"
"308","GO:0016485","protein processing","Biomin"
"309","GO:0016486","ion homeostasis","Biomin"
"310","GO:0016567","protein modification by small protein conjugation","Up"
"311","GO:0016569","cortical cytoskeleton organization","Biomin"
"312","GO:0016570","cortical cytoskeleton organization, histone modification","Biomin, Down"
"313","GO:0016573","macromolecule deacylation","Biomin"
"314","GO:0016575","macromolecule deacylation","Biomin"
"315","GO:0017144","drug metabolic process","Biomin"
"316","GO:0018130","transcription by RNA polymerase II","Down, Up"
"317","GO:0018149","peptide cross-linking","Biomin"
"318","GO:0018193","macromolecule deacylation, histone modification, protein modification by small protein conjugation","Biomin, Down, Up"
"319","GO:0018205","macromolecule deacylation","Biomin"
"320","GO:0018209","histone modification","Down"
"321","GO:0018393","macromolecule deacylation","Biomin"
"322","GO:0018394","macromolecule deacylation","Biomin"
"323","GO:0018958","organic hydroxy compound metabolic process","Biomin"
"324","GO:0018996","molting cycle, collagen and cuticulin-based cuticle","Biomin"
"325","GO:0019216","lipid metabolic process, lipid biosynthetic process","Biomin, Up"
"326","GO:0019219","regulation of small molecule metabolic process, regulation of metabolic process, negative regulation of protein modification process","Biomin, Down, Up"
"327","GO:0019220","negative regulation of protein metabolic process, ribose phosphate metabolic process, organophosphate biosynthetic process","Biomin, Down, Up"
"328","GO:0019221","cellular response to chemical stimulus, response to acid chemical","Biomin, Up"
"329","GO:0019222","regulation of small molecule metabolic process, regulation of metabolic process, negative regulation of protein modification process","Biomin, Down, Up"
"330","GO:0019362","nicotinamide nucleotide metabolic process","Biomin"
"331","GO:0019438","transcription by RNA polymerase II","Down, Up"
"332","GO:0019538","protein processing, macromolecule metabolic process, purine nucleotide metabolic process","Biomin, Down, Up"
"333","GO:0019637","ribose phosphate metabolic process, organophosphate biosynthetic process","Biomin, Down, Up"
"334","GO:0019693","ribose phosphate metabolic process, organophosphate biosynthetic process","Biomin, Down, Up"
"335","GO:0019725","ion homeostasis, intracellular monoatomic ion homeostasis, intracellular monoatomic cation homeostasis","Biomin, Down, Up"
"336","GO:0019752","oxoacid metabolic process, nucleotide metabolic process, carboxylic acid biosynthetic process","Biomin, Down, Up"
"337","GO:0019941","positive regulation of protein catabolic process","Up"
"338","GO:0019953","sexual reproduction, development of primary sexual characteristics, sex differentiation","Biomin, Down, Up"
"339","GO:0021700","anatomical structure maturation, developmental maturation","Biomin, Up"
"340","GO:0022008","sensory organ development, system development, reproductive system development","Biomin, Down, Up"
"341","GO:0022402","microtubule cytoskeleton organization involved in mitosis, negative regulation of cell cycle, meiotic nuclear division","Biomin, Down, Up"
"342","GO:0022404","molting cycle, collagen and cuticulin-based cuticle","Biomin"
"343","GO:0022407","regulation of cell-cell adhesion","Down"
"344","GO:0022411","organelle organization, organelle fission","Biomin, Up"
"345","GO:0022412","development of primary sexual characteristics, sex differentiation","Down, Up"
"346","GO:0022414","gonad development, development of primary sexual characteristics, sex differentiation","Biomin, Down, Up"
"347","GO:0022603","regulation of cell morphogenesis involved in differentiation, plasma membrane bounded cell projection morphogenesis","Biomin, Down, Up"
"348","GO:0022604","regulation of cell morphogenesis involved in differentiation, plasma membrane bounded cell projection morphogenesis","Biomin, Down, Up"
"349","GO:0022607","organelle organization, ribonucleoprotein complex biogenesis, organelle fission","Biomin, Down, Up"
"350","GO:0022610","heterophilic cell-cell adhesion via plasma membrane cell adhesion molecules","Biomin"
"351","GO:0022613","ribonucleoprotein complex biogenesis, organelle fission","Down, Up"
"352","GO:0023051","positive regulation of signal transduction, G protein-coupled receptor signaling pathway, enzyme-linked receptor protein signaling pathway","Biomin, Down, Up"
"353","GO:0023052","positive regulation of signal transduction, G protein-coupled receptor signaling pathway, enzyme-linked receptor protein signaling pathway","Biomin, Down, Up"
"354","GO:0023056","positive regulation of signal transduction, G protein-coupled receptor signaling pathway, enzyme-linked receptor protein signaling pathway","Biomin, Down, Up"
"355","GO:0023057","positive regulation of signal transduction, G protein-coupled receptor signaling pathway, enzyme-linked receptor protein signaling pathway","Biomin, Down, Up"
"356","GO:0030001","divalent metal ion transport, metal ion transport, endocytosis","Biomin, Down, Up"
"357","GO:0030003","ion homeostasis, intracellular monoatomic ion homeostasis, intracellular monoatomic cation homeostasis","Biomin, Down, Up"
"358","GO:0030004","ion homeostasis","Biomin"
"359","GO:0030010","establishment of mitotic spindle orientation","Biomin"
"360","GO:0030029","actomyosin structure organization, regulation of actin cytoskeleton organization, actin cytoskeleton organization","Biomin, Down, Up"
"361","GO:0030030","regulation of plasma membrane bounded cell projection organization, epigenetic regulation of gene expression, organelle fission","Biomin, Down, Up"
"362","GO:0030031","regulation of plasma membrane bounded cell projection organization, epigenetic regulation of gene expression, organelle fission","Biomin, Down, Up"
"363","GO:0030032","regulation of plasma membrane bounded cell projection organization","Biomin"
"364","GO:0030036","actomyosin structure organization, regulation of actin cytoskeleton organization, actin cytoskeleton organization","Biomin, Down, Up"
"365","GO:0030048","actin-mediated cell contraction","Biomin"
"366","GO:0030097","regulation of hemopoiesis, hemopoiesis","Down, Up"
"367","GO:0030100","regulation of vesicle-mediated transport, positive regulation of protein secretion","Biomin, Down"
"368","GO:0030111","modulation of chemical synaptic transmission","Down"
"369","GO:0030154","cell development, regulation of hemopoiesis, hemopoiesis","Biomin, Down, Up"
"370","GO:0030155","regulation of cell-cell adhesion","Down"
"371","GO:0030162","regulation of metabolic process, negative regulation of protein modification process","Down, Up"
"372","GO:0030163","cellular protein catabolic process, cellular macromolecule catabolic process, positive regulation of protein catabolic process","Biomin, Down, Up"
"373","GO:0030182","sensory organ development, system development, reproductive system development","Biomin, Down, Up"
"374","GO:0030198","basement membrane organization","Biomin"
"375","GO:0030239","regulation of cell morphogenesis involved in differentiation","Biomin"
"376","GO:0030317","flagellated sperm motility","Biomin"
"377","GO:0030334","actin-mediated cell contraction, positive regulation of cell migration, regulation of cell migration","Biomin, Down, Up"
"378","GO:0030335","actin-mediated cell contraction, positive regulation of cell migration, regulation of cell migration","Biomin, Down, Up"
"379","GO:0030336","actin-mediated cell contraction","Biomin"
"380","GO:0030516","ion homeostasis","Biomin"
"381","GO:0030641","ion homeostasis","Biomin"
"382","GO:0030855","epidermis development, morphogenesis of embryonic epithelium, epithelial cell development","Biomin, Down, Up"
"383","GO:0030865","cortical cytoskeleton organization","Biomin"
"384","GO:0030866","cortical cytoskeleton organization","Biomin"
"385","GO:0031032","actomyosin structure organization","Biomin"
"386","GO:0031099","regeneration","Biomin"
"387","GO:0031175","cell development, system development, reproductive system development","Biomin, Down, Up"
"388","GO:0031268","regulation of plasma membrane bounded cell projection organization","Biomin"
"389","GO:0031269","regulation of plasma membrane bounded cell projection organization","Biomin"
"390","GO:0031323","regulation of small molecule metabolic process, regulation of metabolic process, negative regulation of protein modification process","Biomin, Down, Up"
"391","GO:0031324","negative regulation of nucleobase-containing compound metabolic process, negative regulation of transcription by RNA polymerase II","Biomin, Down, Up"
"392","GO:0031325","positive regulation of biological process","Biomin, Down, Up"
"393","GO:0031326","regulation of small molecule metabolic process, regulation of metabolic process, negative regulation of protein modification process","Biomin, Down, Up"
"394","GO:0031327","negative regulation of nucleobase-containing compound metabolic process, negative regulation of transcription by RNA polymerase II","Biomin, Down, Up"
"395","GO:0031328","positive regulation of biological process","Down, Up"
"396","GO:0031329","cellular protein catabolic process, cellular macromolecule catabolic process, positive regulation of protein catabolic process","Biomin, Down, Up"
"397","GO:0031330","cellular protein catabolic process","Biomin"
"398","GO:0031331","cellular macromolecule catabolic process","Down"
"399","GO:0031334","organelle organization","Biomin"
"400","GO:0031344","regulation of plasma membrane bounded cell projection organization, epigenetic regulation of gene expression, organelle fission","Biomin, Down, Up"
"401","GO:0031345","negative regulation of nucleobase-containing compound metabolic process","Biomin"
"402","GO:0031346","epigenetic regulation of gene expression, organelle fission","Down, Up"
"403","GO:0031347","positive regulation of defense response, regulation of cellular response to stress","Down, Up"
"404","GO:0031349","positive regulation of defense response","Down"
"405","GO:0031399","negative regulation of protein metabolic process, regulation of metabolic process, negative regulation of protein modification process","Biomin, Down, Up"
"406","GO:0031400","negative regulation of protein metabolic process, regulation of metabolic process, negative regulation of protein modification process","Biomin, Down, Up"
"407","GO:0031401","negative regulation of protein metabolic process, regulation of metabolic process, negative regulation of protein modification process","Biomin, Down, Up"
"408","GO:0031589","heterophilic cell-cell adhesion via plasma membrane cell adhesion molecules","Biomin"
"409","GO:0031667","regulation of response to external stimulus, axon guidance, chemotaxis","Biomin, Down, Up"
"410","GO:0031668","regulation of response to external stimulus","Biomin"
"411","GO:0031669","regulation of response to external stimulus","Biomin"
"412","GO:0032101","regulation of response to external stimulus, positive regulation of defense response, regulation of cellular response to stress","Biomin, Down, Up"
"413","GO:0032147","activation of protein kinase activity","Down"
"414","GO:0032228","positive regulation of cell communication","Biomin"
"415","GO:0032268","negative regulation of protein metabolic process","Biomin"
"416","GO:0032269","negative regulation of protein metabolic process","Biomin"
"417","GO:0032270","negative regulation of protein metabolic process","Biomin"
"418","GO:0032386","positive regulation of protein secretion, regulation of transmembrane transport","Down, Up"
"419","GO:0032388","regulation of transmembrane transport","Up"
"420","GO:0032446","protein modification by small protein conjugation","Up"
"421","GO:0032501","embryonic morphogenesis, gastrulation, sensory perception","Biomin, Down, Up"
"422","GO:0032502","aging, regionalization, larval development","Biomin, Down, Up"
"423","GO:0032504","gonad development, development of primary sexual characteristics, sex differentiation","Biomin, Down, Up"
"424","GO:0032507","ion homeostasis","Biomin"
"425","GO:0032535","ion homeostasis, regulation of neurotransmitter levels, regulation of synapse structure or activity","Biomin, Down, Up"
"426","GO:0032774","transcription by RNA polymerase II","Down, Up"
"427","GO:0032787","carboxylic acid biosynthetic process","Up"
"428","GO:0032870","cellular response to stress, cellular response to hormone stimulus","Biomin, Down"
"429","GO:0032879","regulation of vesicle-mediated transport, positive regulation of protein secretion, regulation of transmembrane transport","Biomin, Down, Up"
"430","GO:0032880","positive regulation of protein secretion, regulation of transmembrane transport","Down, Up"
"431","GO:0032886","microtubule-based movement","Down"
"432","GO:0032940","regulated exocytosis, secretion","Down, Up"
"433","GO:0032956","regulation of actin cytoskeleton organization, actin cytoskeleton organization","Down, Up"
"434","GO:0032970","regulation of actin cytoskeleton organization, actin cytoskeleton organization","Down, Up"
"435","GO:0032989","regulation of cell morphogenesis involved in differentiation, plasma membrane bounded cell projection morphogenesis","Biomin, Down, Up"
"436","GO:0032990","regulation of cell morphogenesis involved in differentiation, plasma membrane bounded cell projection morphogenesis","Biomin, Down, Up"
"437","GO:0033013","cobalamin metabolic process","Biomin"
"438","GO:0033036","macromolecule localization, metal ion transport, nucleocytoplasmic transport","Biomin, Down, Up"
"439","GO:0033043","epigenetic regulation of gene expression, organelle fission","Down, Up"
"440","GO:0033044","epigenetic regulation of gene expression","Down"
"441","GO:0033135","negative regulation of protein metabolic process","Biomin"
"442","GO:0033138","negative regulation of protein metabolic process","Biomin"
"443","GO:0033157","regulation of transmembrane transport","Up"
"444","GO:0033238","regulation of glutamine family amino acid metabolic process","Biomin"
"445","GO:0033239","regulation of glutamine family amino acid metabolic process","Biomin"
"446","GO:0033273","regulation of response to external stimulus","Biomin"
"447","GO:0033365","metal ion transport, nucleocytoplasmic transport","Down, Up"
"448","GO:0033554","cellular response to stress, response to oxidative stress, cellular response to DNA damage stimulus","Biomin, Down, Up"
"449","GO:0033674","negative regulation of catalytic activity, activation of protein kinase activity, negative regulation of hydrolase activity","Biomin, Down, Up"
"450","GO:0033993","cellular response to chemical stimulus, response to alcohol, response to acid chemical","Biomin, Down, Up"
"451","GO:0034097","cellular response to chemical stimulus, response to alcohol, response to acid chemical","Biomin, Down, Up"
"452","GO:0034220","inorganic cation import across plasma membrane, metal ion transport, endocytosis","Biomin, Down, Up"
"453","GO:0034329","synapse organization","Biomin"
"454","GO:0034330","synapse organization, epigenetic regulation of gene expression","Biomin, Down"
"455","GO:0034446","heterophilic cell-cell adhesion via plasma membrane cell adhesion molecules","Biomin"
"456","GO:0034599","response to axon injury","Biomin"
"457","GO:0034613","macromolecule localization","Biomin"
"458","GO:0034641","cellular nitrogen compound metabolic process, metabolic process","Biomin, Down, Up"
"459","GO:0034645","regulation of DNA metabolic process","Down, Up"
"460","GO:0034654","transcription by RNA polymerase II","Down, Up"
"461","GO:0034660","mRNA metabolic process","Down, Up"
"462","GO:0034728","protein-containing complex assembly","Biomin"
"463","GO:0034754","ion homeostasis","Biomin"
"464","GO:0034762","regulation of vesicle-mediated transport, positive regulation of protein secretion, regulation of transmembrane transport","Biomin, Down, Up"
"465","GO:0034765","regulation of vesicle-mediated transport","Biomin"
"466","GO:0034769","basement membrane organization","Biomin"
"467","GO:0035088","establishment of mitotic spindle orientation","Biomin"
"468","GO:0035148","tube development","Biomin"
"469","GO:0035150","ion homeostasis","Biomin"
"470","GO:0035239","tube development, gastrulation, larval development","Biomin, Down, Up"
"471","GO:0035295","tube development, gastrulation, larval development","Biomin, Down, Up"
"472","GO:0035329","regulation of intracellular signal transduction","Biomin"
"473","GO:0035330","regulation of intracellular signal transduction","Biomin"
"474","GO:0035332","regulation of intracellular signal transduction","Biomin"
"475","GO:0035434","divalent metal ion transport","Biomin"
"476","GO:0035556","regulation of intracellular signal transduction, G protein-coupled receptor signaling pathway, enzyme-linked receptor protein signaling pathway","Biomin, Down, Up"
"477","GO:0035601","macromolecule deacylation","Biomin"
"478","GO:0035725","divalent metal ion transport","Biomin"
"479","GO:0036211","macromolecule deacylation, histone modification, protein modification by small protein conjugation","Biomin, Down, Up"
"480","GO:0036293","response to decreased oxygen levels, response to ionizing radiation","Biomin, Down"
"481","GO:0036296","response to decreased oxygen levels","Biomin"
"482","GO:0040001","establishment of mitotic spindle localization","Biomin"
"483","GO:0040007","regulation of axon extension involved in axon guidance, growth, positive regulation of growth","Biomin, Down, Up"
"484","GO:0040008","regulation of axon extension involved in axon guidance, growth, positive regulation of growth","Biomin, Down, Up"
"485","GO:0040009","regulation of axon extension involved in axon guidance","Biomin"
"486","GO:0040010","regulation of axon extension involved in axon guidance","Biomin"
"487","GO:0040011","neuron projection guidance, locomotion, positive regulation of locomotion","Biomin, Down, Up"
"488","GO:0040012","neuron projection guidance, locomotion, positive regulation of locomotion","Biomin, Down, Up"
"489","GO:0040013","neuron projection guidance","Biomin"
"490","GO:0040017","neuron projection guidance, locomotion, positive regulation of locomotion","Biomin, Down, Up"
"491","GO:0040029","epigenetic regulation of gene expression","Down"
"492","GO:0042060","response to axon injury, response to oxidative stress","Biomin, Down"
"493","GO:0042074","flagellated sperm motility","Biomin"
"494","GO:0042127","regulation of cell population proliferation, cell population proliferation","Down, Up"
"495","GO:0042133","ion homeostasis","Biomin"
"496","GO:0042176","cellular protein catabolic process, cellular macromolecule catabolic process, positive regulation of protein catabolic process","Biomin, Down, Up"
"497","GO:0042221","cellular response to chemical stimulus, response to alcohol, response to acid chemical","Biomin, Down, Up"
"498","GO:0042303","molting cycle, collagen and cuticulin-based cuticle","Biomin"
"499","GO:0042325","negative regulation of protein metabolic process, ribose phosphate metabolic process, organophosphate biosynthetic process","Biomin, Down, Up"
"500","GO:0042326","ribose phosphate metabolic process, organophosphate biosynthetic process","Down, Up"
"501","GO:0042327","negative regulation of protein metabolic process, ribose phosphate metabolic process, organophosphate biosynthetic process","Biomin, Down, Up"
"502","GO:0042330","neuron projection guidance, axon guidance, chemotaxis","Biomin, Down, Up"
"503","GO:0042391","regulation of neurotransmitter levels","Down"
"504","GO:0042395","molting cycle, collagen and cuticulin-based cuticle","Biomin"
"505","GO:0042428","ammonium ion metabolic process","Biomin"
"506","GO:0042430","indole-containing compound metabolic process","Biomin"
"507","GO:0042445","ion homeostasis","Biomin"
"508","GO:0042490","cell development","Biomin"
"509","GO:0042493","cellular response to chemical stimulus","Biomin"
"510","GO:0042537","benzene-containing compound metabolic process","Biomin"
"511","GO:0042592","ion homeostasis, intracellular monoatomic ion homeostasis, intracellular monoatomic cation homeostasis","Biomin, Down, Up"
"512","GO:0042692","muscle structure development","Biomin"
"513","GO:0042737","drug metabolic process","Biomin"
"514","GO:0042743","reactive oxygen species metabolic process","Biomin"
"515","GO:0042744","reactive oxygen species metabolic process","Biomin"
"516","GO:0042886","positive regulation of peptide secretion, amide transport","Down, Up"
"517","GO:0042981","regulation of neuron death, apoptotic process","Down, Up"
"518","GO:0043010","sensory organ development","Biomin"
"519","GO:0043044","cortical cytoskeleton organization","Biomin"
"520","GO:0043062","basement membrane organization","Biomin"
"521","GO:0043065","regulation of neuron death, apoptotic process","Down, Up"
"522","GO:0043066","regulation of neuron death, apoptotic process","Down, Up"
"523","GO:0043067","regulation of neuron death, apoptotic process","Down, Up"
"524","GO:0043068","regulation of neuron death, apoptotic process","Down, Up"
"525","GO:0043069","regulation of neuron death, apoptotic process","Down, Up"
"526","GO:0043085","negative regulation of catalytic activity, activation of protein kinase activity, negative regulation of hydrolase activity","Biomin, Down, Up"
"527","GO:0043086","negative regulation of catalytic activity, activation of protein kinase activity, negative regulation of hydrolase activity","Biomin, Down, Up"
"528","GO:0043087","negative regulation of catalytic activity, activation of protein kinase activity, negative regulation of hydrolase activity","Biomin, Down, Up"
"529","GO:0043170","cellular macromolecule metabolic process, macromolecule metabolic process, metabolic process","Biomin, Down, Up"
"530","GO:0043171","peptide catabolic process","Biomin"
"531","GO:0043207","detection of stimulus, response to biotic stimulus","Down, Up"
"532","GO:0043254","organelle organization, ribonucleoprotein complex biogenesis, organelle fission","Biomin, Down, Up"
"533","GO:0043269","regulation of vesicle-mediated transport, positive regulation of protein secretion","Biomin, Down"
"534","GO:0043270","regulation of vesicle-mediated transport","Biomin"
"535","GO:0043297","synapse organization","Biomin"
"536","GO:0043408","regulation of intracellular signal transduction, G protein-coupled receptor signaling pathway, enzyme-linked receptor protein signaling pathway","Biomin, Down, Up"
"537","GO:0043410","G protein-coupled receptor signaling pathway","Down"
"538","GO:0043412","macromolecule deacylation, histone modification, protein modification by small protein conjugation","Biomin, Down, Up"
"539","GO:0043434","response to alcohol","Down"
"540","GO:0043436","oxoacid metabolic process, nucleotide metabolic process, carboxylic acid biosynthetic process","Biomin, Down, Up"
"541","GO:0043486","cortical cytoskeleton organization","Biomin"
"542","GO:0043543","macromolecule deacylation","Biomin"
"543","GO:0043547","negative regulation of catalytic activity, activation of protein kinase activity, negative regulation of hydrolase activity","Biomin, Down, Up"
"544","GO:0043549","negative regulation of catalytic activity, activation of protein kinase activity, negative regulation of hydrolase activity","Biomin, Down, Up"
"545","GO:0043603","peptide catabolic process, amide biosynthetic process","Biomin, Up"
"546","GO:0043604","amide biosynthetic process","Up"
"547","GO:0043632","positive regulation of protein catabolic process","Up"
"548","GO:0043687","macromolecule deacylation","Biomin"
"549","GO:0043933","protein-containing complex assembly, epigenetic regulation of gene expression, organelle fission","Biomin, Down, Up"
"550","GO:0043949","regulation of response to stimulus","Biomin"
"551","GO:0043951","regulation of response to stimulus","Biomin"
"552","GO:0044057","regulation of muscle system process, learning, sensory perception","Biomin, Down, Up"
"553","GO:0044085","organelle organization, ribonucleoprotein complex biogenesis, organelle fission","Biomin, Down, Up"
"554","GO:0044087","organelle organization, ribonucleoprotein complex biogenesis, organelle fission","Biomin, Down, Up"
"555","GO:0044089","organelle organization, ribonucleoprotein complex biogenesis, organelle fission","Biomin, Down, Up"
"556","GO:0044092","negative regulation of catalytic activity, activation of protein kinase activity, negative regulation of hydrolase activity","Biomin, Down, Up"
"557","GO:0044093","negative regulation of catalytic activity, activation of protein kinase activity, negative regulation of hydrolase activity","Biomin, Down, Up"
"558","GO:0044237","cellular nitrogen compound metabolic process, metabolic process","Biomin, Down, Up"
"559","GO:0044238","cellular nitrogen compound metabolic process, metabolic process","Biomin, Down, Up"
"560","GO:0044248","cellular protein catabolic process, cellular macromolecule catabolic process, positive regulation of protein catabolic process","Biomin, Down, Up"
"561","GO:0044249","transcription by RNA polymerase II","Down, Up"
"562","GO:0044255","cellular lipid metabolic process, lipid biosynthetic process","Down, Up"
"563","GO:0044257","cellular protein catabolic process","Biomin"
"564","GO:0044260","cellular macromolecule metabolic process, regulation of DNA metabolic process","Biomin, Down, Up"
"565","GO:0044265","cellular protein catabolic process, cellular macromolecule catabolic process, positive regulation of protein catabolic process","Biomin, Down, Up"
"566","GO:0044267","protein processing","Biomin"
"567","GO:0044271","transcription by RNA polymerase II","Down, Up"
"568","GO:0044281","oxoacid metabolic process, nucleotide metabolic process, carboxylic acid biosynthetic process","Biomin, Down, Up"
"569","GO:0044283","carboxylic acid biosynthetic process","Up"
"570","GO:0044703","sexual reproduction, development of primary sexual characteristics, sex differentiation","Biomin, Down, Up"
"571","GO:0044782","epigenetic regulation of gene expression, organelle fission","Down, Up"
"572","GO:0045055","regulated exocytosis, secretion","Down, Up"
"573","GO:0045088","regulation of immune effector process","Down"
"574","GO:0045137","gonad development, development of primary sexual characteristics","Biomin, Down"
"575","GO:0045165","regulation of hemopoiesis, hemopoiesis","Down, Up"
"576","GO:0045184","metal ion transport, nucleocytoplasmic transport","Down, Up"
"577","GO:0045185","ion homeostasis","Biomin"
"578","GO:0045197","establishment of mitotic spindle orientation","Biomin"
"579","GO:0045216","synapse organization","Biomin"
"580","GO:0045321","regulation of cell activation, cell activation","Down, Up"
"581","GO:0045454","ion homeostasis","Biomin"
"582","GO:0045595","negative regulation of cell morphogenesis involved in differentiation, negative regulation of cell development, positive regulation of cell development","Biomin, Down, Up"
"583","GO:0045596","negative regulation of cell morphogenesis involved in differentiation, negative regulation of cell development, positive regulation of cell development","Biomin, Down, Up"
"584","GO:0045597","negative regulation of cell morphogenesis involved in differentiation, negative regulation of cell development, positive regulation of cell development","Biomin, Down, Up"
"585","GO:0045664","regulation of nervous system development, negative regulation of cell development, positive regulation of cell development","Biomin, Down, Up"
"586","GO:0045665","regulation of nervous system development","Biomin"
"587","GO:0045666","negative regulation of cell development","Down"
"588","GO:0045732","cellular protein catabolic process, positive regulation of protein catabolic process","Biomin, Up"
"589","GO:0045744","positive regulation of signal transduction","Biomin"
"590","GO:0045763","regulation of glutamine family amino acid metabolic process","Biomin"
"591","GO:0045786","negative regulation of cell cycle, meiotic nuclear division","Down, Up"
"592","GO:0045807","regulation of vesicle-mediated transport","Biomin"
"593","GO:0045859","negative regulation of catalytic activity, regulation of metabolic process, negative regulation of protein modification process","Biomin, Down, Up"
"594","GO:0045860","negative regulation of catalytic activity, activation of protein kinase activity","Biomin, Down"
"595","GO:0045892","negative regulation of nucleobase-containing compound metabolic process, negative regulation of transcription by RNA polymerase II","Biomin, Down, Up"
"596","GO:0045893","positive regulation of biological process","Down, Up"
"597","GO:0045926","growth","Down"
"598","GO:0045927","regulation of axon extension involved in axon guidance, growth, positive regulation of growth","Biomin, Down, Up"
"599","GO:0045930","negative regulation of cell cycle","Down"
"600","GO:0045934","negative regulation of nucleobase-containing compound metabolic process, negative regulation of transcription by RNA polymerase II","Biomin, Down, Up"
"601","GO:0045935","positive regulation of biological process","Down, Up"
"602","GO:0045936","ribose phosphate metabolic process, organophosphate biosynthetic process","Down, Up"
"603","GO:0045937","negative regulation of protein metabolic process, ribose phosphate metabolic process, organophosphate biosynthetic process","Biomin, Down, Up"
"604","GO:0045944","positive regulation of biological process","Down, Up"
"605","GO:0046068","oxoacid metabolic process","Biomin"
"606","GO:0046394","carboxylic acid biosynthetic process","Up"
"607","GO:0046483","purine nucleotide metabolic process, mRNA metabolic process","Biomin, Down, Up"
"608","GO:0046496","nicotinamide nucleotide metabolic process","Biomin"
"609","GO:0046545","gonad development","Biomin"
"610","GO:0046578","G protein-coupled receptor signaling pathway","Down"
"611","GO:0046649","regulation of cell activation","Down"
"612","GO:0046660","gonad development","Biomin"
"613","GO:0046685","cellular response to chemical stimulus","Biomin"
"614","GO:0046686","cellular response to chemical stimulus","Biomin"
"615","GO:0046688","cellular response to chemical stimulus","Biomin"
"616","GO:0046847","regulation of plasma membrane bounded cell projection organization","Biomin"
"617","GO:0046903","vesicle-mediated transport, regulated exocytosis, secretion","Biomin, Down, Up"
"618","GO:0046907","metal ion transport, nucleocytoplasmic transport","Down, Up"
"619","GO:0046916","ion homeostasis","Biomin"
"620","GO:0048167","positive regulation of cell communication","Biomin"
"621","GO:0048193","endocytosis","Up"
"622","GO:0048232","sexual reproduction, development of primary sexual characteristics, sex differentiation","Biomin, Down, Up"
"623","GO:0048285","organelle fission","Up"
"624","GO:0048332","epidermis development","Biomin"
"625","GO:0048468","cell development, regulation of hemopoiesis, hemopoiesis","Biomin, Down, Up"
"626","GO:0048477","development of primary sexual characteristics, sex differentiation","Down, Up"
"627","GO:0048513","sensory organ development, embryonic organ morphogenesis, eye morphogenesis","Biomin, Down, Up"
"628","GO:0048518","positive regulation of biological process","Biomin, Down, Up"
"629","GO:0048519","negative regulation of nucleobase-containing compound metabolic process, negative regulation of transcription by RNA polymerase II","Biomin, Down, Up"
"630","GO:0048522","positive regulation of biological process","Biomin, Down, Up"
"631","GO:0048523","negative regulation of nucleobase-containing compound metabolic process, negative regulation of transcription by RNA polymerase II","Biomin, Down, Up"
"632","GO:0048545","cellular response to chemical stimulus","Biomin"
"633","GO:0048562","sensory organ development, embryonic organ morphogenesis","Biomin, Down"
"634","GO:0048563","nematode larval development, regulation of cell morphogenesis involved in differentiation, plasma membrane bounded cell projection morphogenesis","Biomin, Down, Up"
"635","GO:0048565","sensory organ development, reproductive system development","Biomin, Up"
"636","GO:0048568","sensory organ development, embryonic organ morphogenesis","Biomin, Down"
"637","GO:0048569","sensory organ development, embryonic organ morphogenesis, eye morphogenesis","Biomin, Down, Up"
"638","GO:0048583","regulation of response to stimulus, positive regulation of defense response, regulation of cellular response to stress","Biomin, Down, Up"
"639","GO:0048584","regulation of response to stimulus, positive regulation of defense response, regulation of cellular response to stress","Biomin, Down, Up"
"640","GO:0048585","regulation of response to stimulus, positive regulation of defense response, regulation of cellular response to stress","Biomin, Down, Up"
"641","GO:0048588","regulation of axon extension involved in axon guidance","Biomin"
"642","GO:0048589","regulation of axon extension involved in axon guidance, growth, positive regulation of growth","Biomin, Down, Up"
"643","GO:0048592","sensory organ development, embryonic organ morphogenesis, eye morphogenesis","Biomin, Down, Up"
"644","GO:0048593","sensory organ development","Biomin"
"645","GO:0048598","embryonic morphogenesis, gastrulation, larval development","Biomin, Down, Up"
"646","GO:0048608","sensory organ development, system development, reproductive system development","Biomin, Down, Up"
"647","GO:0048609","gonad development, development of primary sexual characteristics, sex differentiation","Biomin, Down, Up"
"648","GO:0048638","regulation of axon extension involved in axon guidance, growth, positive regulation of growth","Biomin, Down, Up"
"649","GO:0048639","growth","Down"
"650","GO:0048646","regulation of cell morphogenesis involved in differentiation, plasma membrane bounded cell projection morphogenesis","Biomin, Down, Up"
"651","GO:0048666","cell development, system development, reproductive system development","Biomin, Down, Up"
"652","GO:0048667","regulation of cell morphogenesis involved in differentiation, plasma membrane bounded cell projection morphogenesis","Biomin, Down, Up"
"653","GO:0048675","regulation of axon extension involved in axon guidance","Biomin"
"654","GO:0048678","response to axon injury","Biomin"
"655","GO:0048699","sensory organ development, system development, reproductive system development","Biomin, Down, Up"
"656","GO:0048729","epidermis development, morphogenesis of embryonic epithelium, epithelial cell development","Biomin, Down, Up"
"657","GO:0048731","sensory organ development, system development, reproductive system development","Biomin, Down, Up"
"658","GO:0048732","sensory organ development, embryonic organ morphogenesis","Biomin, Down"
"659","GO:0048747","muscle structure development","Biomin"
"660","GO:0048812","regulation of cell morphogenesis involved in differentiation, plasma membrane bounded cell projection morphogenesis","Biomin, Down, Up"
"661","GO:0048814","cell development","Biomin"
"662","GO:0048841","regulation of axon extension involved in axon guidance","Biomin"
"663","GO:0048846","regulation of axon extension involved in axon guidance","Biomin"
"664","GO:0048856","aging, regionalization, larval development","Biomin, Down, Up"
"665","GO:0048858","regulation of cell morphogenesis involved in differentiation, plasma membrane bounded cell projection morphogenesis","Biomin, Down, Up"
"666","GO:0048859","regulation of cell morphogenesis involved in differentiation","Biomin"
"667","GO:0048869","cell development, regulation of hemopoiesis, hemopoiesis","Biomin, Down, Up"
"668","GO:0048870","flagellated sperm motility, positive regulation of cell migration, regulation of cell migration","Biomin, Down, Up"
"669","GO:0048878","ion homeostasis, intracellular monoatomic ion homeostasis, intracellular monoatomic cation homeostasis","Biomin, Down, Up"
"670","GO:0050708","positive regulation of protein secretion","Down"
"671","GO:0050714","positive regulation of protein secretion","Down"
"672","GO:0050767","regulation of nervous system development, negative regulation of neurogenesis, positive regulation of cell development","Biomin, Down, Up"
"673","GO:0050768","regulation of nervous system development, negative regulation of neurogenesis","Biomin, Down"
"674","GO:0050769","regulation of nervous system development, negative regulation of neurogenesis, positive regulation of cell development","Biomin, Down, Up"
"675","GO:0050770","regulation of cell morphogenesis involved in differentiation","Biomin"
"676","GO:0050773","cell development","Biomin"
"677","GO:0050776","regulation of immune effector process, positive regulation of immune system process","Down, Up"
"678","GO:0050778","regulation of immune effector process","Down"
"679","GO:0050789","positive regulation of biological process, biological regulation","Biomin, Down, Up"
"680","GO:0050790","negative regulation of catalytic activity, activation of protein kinase activity, negative regulation of hydrolase activity","Biomin, Down, Up"
"681","GO:0050793","negative regulation of cell morphogenesis involved in differentiation, negative regulation of cell development, positive regulation of cell development","Biomin, Down, Up"
"682","GO:0050794","positive regulation of biological process, biological regulation","Biomin, Down, Up"
"683","GO:0050801","ion homeostasis, intracellular monoatomic ion homeostasis, intracellular monoatomic cation homeostasis","Biomin, Down, Up"
"684","GO:0050803","ion homeostasis, regulation of neurotransmitter levels, regulation of synapse structure or activity","Biomin, Down, Up"
"685","GO:0050804","positive regulation of cell communication, modulation of chemical synaptic transmission, regulation of trans-synaptic signaling","Biomin, Down, Up"
"686","GO:0050807","ion homeostasis, regulation of synapse structure or activity","Biomin, Up"
"687","GO:0050808","synapse organization","Biomin"
"688","GO:0050817","coagulation","Biomin"
"689","GO:0050848","regulation of response to stimulus","Biomin"
"690","GO:0050849","regulation of response to stimulus","Biomin"
"691","GO:0050865","regulation of cell activation","Down"
"692","GO:0050877","regulation of muscle system process, learning, sensory perception","Biomin, Down, Up"
"693","GO:0050878","ion homeostasis","Biomin"
"694","GO:0050890","learning","Down"
"695","GO:0050896","cellular response to stress, detection of stimulus, response to biotic stimulus","Biomin, Down, Up"
"696","GO:0050905","regulation of muscle system process","Biomin"
"697","GO:0050906","detection of external stimulus","Biomin"
"698","GO:0050920","regulation of response to external stimulus","Biomin"
"699","GO:0050953","regulation of muscle system process","Biomin"
"700","GO:0050954","regulation of muscle system process, learning","Biomin, Down"
"701","GO:0050974","detection of external stimulus","Biomin"
"702","GO:0050982","detection of external stimulus","Biomin"
"703","GO:0051014","actomyosin structure organization","Biomin"
"704","GO:0051046","regulated exocytosis","Down"
"705","GO:0051047","regulated exocytosis","Down"
"706","GO:0051049","regulation of vesicle-mediated transport, positive regulation of protein secretion, regulation of transmembrane transport","Biomin, Down, Up"
"707","GO:0051050","regulation of vesicle-mediated transport, positive regulation of protein secretion, regulation of transmembrane transport","Biomin, Down, Up"
"708","GO:0051051","positive regulation of protein secretion","Down"
"709","GO:0051052","regulation of DNA metabolic process","Down, Up"
"710","GO:0051056","regulation of intracellular signal transduction, G protein-coupled receptor signaling pathway","Biomin, Down"
"711","GO:0051093","negative regulation of cell morphogenesis involved in differentiation, negative regulation of cell development, positive regulation of cell development","Biomin, Down, Up"
"712","GO:0051094","negative regulation of cell morphogenesis involved in differentiation, negative regulation of cell development, positive regulation of cell development","Biomin, Down, Up"
"713","GO:0051098","activation of protein kinase activity","Down"
"714","GO:0051128","organelle organization, epigenetic regulation of gene expression, organelle fission","Biomin, Down, Up"
"715","GO:0051129","negative regulation of nucleobase-containing compound metabolic process, epigenetic regulation of gene expression, organelle fission","Biomin, Down, Up"
"716","GO:0051130","organelle organization, epigenetic regulation of gene expression, organelle fission","Biomin, Down, Up"
"717","GO:0051146","muscle structure development","Biomin"
"718","GO:0051169","nucleocytoplasmic transport","Up"
"719","GO:0051171","regulation of small molecule metabolic process, regulation of metabolic process, negative regulation of protein modification process","Biomin, Down, Up"
"720","GO:0051172","negative regulation of nucleobase-containing compound metabolic process, negative regulation of transcription by RNA polymerase II","Biomin, Down, Up"
"721","GO:0051173","positive regulation of biological process","Biomin, Down, Up"
"722","GO:0051174","negative regulation of protein metabolic process, ribose phosphate metabolic process, organophosphate biosynthetic process","Biomin, Down, Up"
"723","GO:0051179","vesicle-mediated transport, metal ion transport, endocytosis","Biomin, Down, Up"
"724","GO:0051222","positive regulation of protein secretion, regulation of transmembrane transport","Down, Up"
"725","GO:0051223","positive regulation of protein secretion, regulation of transmembrane transport","Down, Up"
"726","GO:0051234","vesicle-mediated transport, metal ion transport, endocytosis","Biomin, Down, Up"
"727","GO:0051235","ion homeostasis","Biomin"
"728","GO:0051239","regulation of nervous system development, negative regulation of neurogenesis, sensory perception","Biomin, Down, Up"
"729","GO:0051240","regulation of nervous system development, negative regulation of neurogenesis, sensory perception","Biomin, Down, Up"
"730","GO:0051241","regulation of nervous system development, negative regulation of neurogenesis, sensory perception","Biomin, Down, Up"
"731","GO:0051246","negative regulation of protein metabolic process, regulation of metabolic process, negative regulation of protein modification process","Biomin, Down, Up"
"732","GO:0051247","negative regulation of protein metabolic process, regulation of metabolic process, negative regulation of protein modification process","Biomin, Down, Up"
"733","GO:0051248","negative regulation of protein metabolic process, negative regulation of transcription by RNA polymerase II","Biomin, Down, Up"
"734","GO:0051252","regulation of small molecule metabolic process, regulation of metabolic process, negative regulation of protein modification process","Biomin, Down, Up"
"735","GO:0051253","negative regulation of nucleobase-containing compound metabolic process, negative regulation of transcription by RNA polymerase II","Biomin, Down, Up"
"736","GO:0051254","positive regulation of biological process","Down, Up"
"737","GO:0051259","protein-containing complex assembly, organelle fission","Biomin, Up"
"738","GO:0051262","protein-containing complex assembly","Biomin"
"739","GO:0051270","actin-mediated cell contraction","Biomin"
"740","GO:0051271","actin-mediated cell contraction","Biomin"
"741","GO:0051272","actin-mediated cell contraction","Biomin"
"742","GO:0051276","cortical cytoskeleton organization, epigenetic regulation of gene expression, organelle fission","Biomin, Down, Up"
"743","GO:0051293","establishment of mitotic spindle localization","Biomin"
"744","GO:0051294","establishment of mitotic spindle orientation","Biomin"
"745","GO:0051301","cytoskeleton-dependent cytokinesis, cell division","Biomin, Up"
"746","GO:0051321","meiotic nuclear division","Up"
"747","GO:0051336","negative regulation of catalytic activity, activation of protein kinase activity, negative regulation of hydrolase activity","Biomin, Down, Up"
"748","GO:0051338","negative regulation of catalytic activity, activation of protein kinase activity, negative regulation of hydrolase activity","Biomin, Down, Up"
"749","GO:0051341","negative regulation of catalytic activity","Biomin"
"750","GO:0051345","negative regulation of catalytic activity, activation of protein kinase activity, negative regulation of hydrolase activity","Biomin, Down, Up"
"751","GO:0051346","negative regulation of hydrolase activity","Up"
"752","GO:0051347","negative regulation of catalytic activity, activation of protein kinase activity, negative regulation of hydrolase activity","Biomin, Down, Up"
"753","GO:0051348","activation of protein kinase activity","Down"
"754","GO:0051354","negative regulation of catalytic activity","Biomin"
"755","GO:0051453","ion homeostasis","Biomin"
"756","GO:0051480","ion homeostasis","Biomin"
"757","GO:0051481","ion homeostasis","Biomin"
"758","GO:0051489","regulation of plasma membrane bounded cell projection organization","Biomin"
"759","GO:0051490","negative regulation of nucleobase-containing compound metabolic process","Biomin"
"760","GO:0051493","epigenetic regulation of gene expression, organelle fission","Down, Up"
"761","GO:0051603","cellular protein catabolic process, positive regulation of protein catabolic process","Biomin, Up"
"762","GO:0051604","protein processing","Biomin"
"763","GO:0051606","detection of external stimulus, detection of stimulus","Biomin, Down"
"764","GO:0051640","establishment of mitotic spindle localization, metal ion transport, endocytosis","Biomin, Down, Up"
"765","GO:0051641","establishment of mitotic spindle localization, metal ion transport, nucleocytoplasmic transport","Biomin, Down, Up"
"766","GO:0051649","establishment of mitotic spindle localization, metal ion transport, nucleocytoplasmic transport","Biomin, Down, Up"
"767","GO:0051651","ion homeostasis","Biomin"
"768","GO:0051653","establishment of mitotic spindle localization","Biomin"
"769","GO:0051656","establishment of mitotic spindle localization, metal ion transport, endocytosis","Biomin, Down, Up"
"770","GO:0051674","flagellated sperm motility","Biomin"
"771","GO:0051704","sexual reproduction","Biomin"
"772","GO:0051707","detection of stimulus, response to biotic stimulus","Down, Up"
"773","GO:0051716","cellular response to stress, detection of stimulus, response to biotic stimulus","Biomin, Down, Up"
"774","GO:0051726","microtubule cytoskeleton organization involved in mitosis, negative regulation of cell cycle, meiotic nuclear division","Biomin, Down, Up"
"775","GO:0051924","regulation of vesicle-mediated transport","Biomin"
"776","GO:0051928","regulation of vesicle-mediated transport","Biomin"
"777","GO:0051960","regulation of nervous system development, negative regulation of neurogenesis, positive regulation of cell development","Biomin, Down, Up"
"778","GO:0051961","regulation of nervous system development, negative regulation of neurogenesis","Biomin, Down"
"779","GO:0051962","regulation of nervous system development, negative regulation of neurogenesis, positive regulation of cell development","Biomin, Down, Up"
"780","GO:0051963","ion homeostasis","Biomin"
"781","GO:0055001","muscle structure development","Biomin"
"782","GO:0055002","muscle structure development","Biomin"
"783","GO:0055065","ion homeostasis","Biomin"
"784","GO:0055067","ion homeostasis","Biomin"
"785","GO:0055072","ion homeostasis","Biomin"
"786","GO:0055074","ion homeostasis","Biomin"
"787","GO:0055076","ion homeostasis","Biomin"
"788","GO:0055080","ion homeostasis, intracellular monoatomic ion homeostasis, intracellular monoatomic cation homeostasis","Biomin, Down, Up"
"789","GO:0055082","ion homeostasis, intracellular monoatomic ion homeostasis, intracellular monoatomic cation homeostasis","Biomin, Down, Up"
"790","GO:0055085","inorganic cation import across plasma membrane, metal ion transport, endocytosis","Biomin, Down, Up"
"791","GO:0055086","oxoacid metabolic process, nucleotide metabolic process, carboxylic acid biosynthetic process","Biomin, Down, Up"
"792","GO:0055093","response to decreased oxygen levels","Biomin"
"793","GO:0055114","oxidation-reduction process","Biomin"
"794","GO:0055123","sensory organ development, reproductive system development","Biomin, Up"
"795","GO:0060249","intracellular monoatomic ion homeostasis","Down"
"796","GO:0060255","regulation of small molecule metabolic process, regulation of metabolic process, negative regulation of protein modification process","Biomin, Down, Up"
"797","GO:0060271","epigenetic regulation of gene expression, organelle fission","Down, Up"
"798","GO:0060284","negative regulation of cell morphogenesis involved in differentiation, negative regulation of cell development, positive regulation of cell development","Biomin, Down, Up"
"799","GO:0060322","head development, brain development","Biomin, Down, Up"
"800","GO:0060323","head development","Biomin"
"801","GO:0060341","positive regulation of protein secretion, regulation of transmembrane transport","Down, Up"
"802","GO:0060401","divalent metal ion transport","Biomin"
"803","GO:0060402","ion homeostasis","Biomin"
"804","GO:0060429","epidermis development, morphogenesis of embryonic epithelium, epithelial cell development","Biomin, Down, Up"
"805","GO:0060485","epidermis development","Biomin"
"806","GO:0060491","regulation of plasma membrane bounded cell projection organization","Biomin"
"807","GO:0060537","epidermis development","Biomin"
"808","GO:0060538","muscle structure development","Biomin"
"809","GO:0060548","regulation of neuron death, apoptotic process","Down, Up"
"810","GO:0060560","regulation of axon extension involved in axon guidance","Biomin"
"811","GO:0060562","tube development, gastrulation, larval development","Biomin, Down, Up"
"812","GO:0060627","regulation of vesicle-mediated transport, positive regulation of protein secretion, regulation of transmembrane transport","Biomin, Down, Up"
"813","GO:0060996","cell development","Biomin"
"814","GO:0060998","cell development","Biomin"
"815","GO:0061024","epigenetic regulation of gene expression, organelle fission","Down, Up"
"816","GO:0061061","muscle structure development, regionalization","Biomin, Down, Up"
"817","GO:0061138","regulation of cell morphogenesis involved in differentiation","Biomin"
"818","GO:0061245","establishment of mitotic spindle orientation","Biomin"
"819","GO:0061387","ion homeostasis","Biomin"
"820","GO:0061458","sensory organ development, system development, reproductive system development","Biomin, Down, Up"
"821","GO:0061564","cell development, system development","Biomin, Down"
"822","GO:0061640","cytoskeleton-dependent cytokinesis","Biomin"
"823","GO:0062012","regulation of small molecule metabolic process","Biomin"
"824","GO:0062014","regulation of small molecule metabolic process","Biomin"
"825","GO:0065003","protein-containing complex assembly, epigenetic regulation of gene expression, organelle fission","Biomin, Down, Up"
"826","GO:0065007","positive regulation of biological process, biological regulation","Biomin, Down, Up"
"827","GO:0065008","ion homeostasis, regulation of neurotransmitter levels, regulation of synapse structure or activity","Biomin, Down, Up"
"828","GO:0065009","negative regulation of catalytic activity, activation of protein kinase activity, negative regulation of hydrolase activity","Biomin, Down, Up"
"829","GO:0070201","positive regulation of protein secretion, regulation of transmembrane transport","Down, Up"
"830","GO:0070252","actin-mediated cell contraction","Biomin"
"831","GO:0070372","negative regulation of protein metabolic process","Biomin"
"832","GO:0070482","response to decreased oxygen levels, response to ionizing radiation, response to radiation","Biomin, Down, Up"
"833","GO:0070509","divalent metal ion transport","Biomin"
"834","GO:0070588","divalent metal ion transport","Biomin"
"835","GO:0070647","histone modification, protein modification by small protein conjugation","Down, Up"
"836","GO:0070727","macromolecule localization, metal ion transport, nucleocytoplasmic transport","Biomin, Down, Up"
"837","GO:0070830","synapse organization","Biomin"
"838","GO:0070838","divalent metal ion transport","Biomin"
"839","GO:0070848","cellular response to hormone stimulus, response to growth factor","Down, Up"
"840","GO:0070884","regulation of response to stimulus","Biomin"
"841","GO:0070887","cellular response to chemical stimulus, response to alcohol, response to acid chemical","Biomin, Down, Up"
"842","GO:0070925","organelle organization, ribonucleoprotein complex biogenesis, organelle fission","Biomin, Down, Up"
"843","GO:0071214","cellular response to environmental stimulus","Down"
"844","GO:0071241","cellular response to chemical stimulus","Biomin"
"845","GO:0071248","cellular response to chemical stimulus","Biomin"
"846","GO:0071310","cellular response to chemical stimulus, response to alcohol, response to acid chemical","Biomin, Down, Up"
"847","GO:0071345","cellular response to chemical stimulus, response to alcohol, response to acid chemical","Biomin, Down, Up"
"848","GO:0071363","cellular response to hormone stimulus, response to growth factor","Down, Up"
"849","GO:0071383","cellular response to chemical stimulus","Biomin"
"850","GO:0071396","cellular response to chemical stimulus","Biomin"
"851","GO:0071407","cellular response to chemical stimulus, response to alcohol","Biomin, Down"
"852","GO:0071417","cellular response to chemical stimulus, response to alcohol","Biomin, Down"
"853","GO:0071453","response to decreased oxygen levels","Biomin"
"854","GO:0071495","cellular response to stress, cellular response to hormone stimulus, response to growth factor","Biomin, Down, Up"
"855","GO:0071496","regulation of response to external stimulus, axon guidance","Biomin, Down"
"856","GO:0071689","regulation of cell morphogenesis involved in differentiation","Biomin"
"857","GO:0071695","anatomical structure maturation","Biomin"
"858","GO:0071702","vesicle-mediated transport, metal ion transport, endocytosis","Biomin, Down, Up"
"859","GO:0071704","cellular nitrogen compound metabolic process, metabolic process","Biomin, Down, Up"
"860","GO:0071705","metal ion transport, endocytosis","Down, Up"
"861","GO:0071711","basement membrane organization","Biomin"
"862","GO:0071824","protein-containing complex assembly","Biomin"
"863","GO:0071840","organelle organization, epigenetic regulation of gene expression, organelle fission","Biomin, Down, Up"
"864","GO:0071867","cellular response to chemical stimulus","Biomin"
"865","GO:0071868","cellular response to chemical stimulus","Biomin"
"866","GO:0071869","cellular response to chemical stimulus","Biomin"
"867","GO:0071870","cellular response to chemical stimulus","Biomin"
"868","GO:0071896","macromolecule localization","Biomin"
"869","GO:0071900","negative regulation of catalytic activity, activation of protein kinase activity","Biomin, Down"
"870","GO:0071902","negative regulation of catalytic activity","Biomin"
"871","GO:0072175","tube development","Biomin"
"872","GO:0072359","sensory organ development, system development, reproductive system development","Biomin, Down, Up"
"873","GO:0072503","ion homeostasis","Biomin"
"874","GO:0072507","ion homeostasis","Biomin"
"875","GO:0072511","divalent metal ion transport","Biomin"
"876","GO:0072521","purine nucleotide metabolic process, mRNA metabolic process","Biomin, Down, Up"
"877","GO:0072524","nicotinamide nucleotide metabolic process","Biomin"
"878","GO:0072593","reactive oxygen species metabolic process","Biomin"
"879","GO:0072594","nucleocytoplasmic transport","Up"
"880","GO:0072657","macromolecule localization, metal ion transport, nucleocytoplasmic transport","Biomin, Down, Up"
"881","GO:0072659","macromolecule localization","Biomin"
"882","GO:0080090","regulation of small molecule metabolic process, regulation of metabolic process, negative regulation of protein modification process","Biomin, Down, Up"
"883","GO:0080134","regulation of response to stimulus, positive regulation of defense response, regulation of cellular response to stress","Biomin, Down, Up"
"884","GO:0080135","positive regulation of defense response, regulation of cellular response to stress","Down, Up"
"885","GO:0090066","ion homeostasis, regulation of neurotransmitter levels, regulation of synapse structure or activity","Biomin, Down, Up"
"886","GO:0090087","positive regulation of peptide secretion, amide transport","Down, Up"
"887","GO:0090162","establishment of mitotic spindle orientation","Biomin"
"888","GO:0090175","epidermis development","Biomin"
"889","GO:0090257","regulation of muscle system process","Biomin"
"890","GO:0090304","mRNA metabolic process","Down, Up"
"891","GO:0090407","ribose phosphate metabolic process, organophosphate biosynthetic process","Down, Up"
"892","GO:0090596","sensory organ development, embryonic organ morphogenesis, eye morphogenesis","Biomin, Down, Up"
"893","GO:0097164","ammonium ion metabolic process","Biomin"
"894","GO:0097237","cellular response to chemical stimulus","Biomin"
"895","GO:0097305","response to reactive oxygen species, response to alcohol","Biomin, Down"
"896","GO:0097306","response to reactive oxygen species","Biomin"
"897","GO:0097435","organelle organization, epigenetic regulation of gene expression, organelle fission","Biomin, Down, Up"
"898","GO:0097485","neuron projection guidance, axon guidance","Biomin, Down"
"899","GO:0097553","ion homeostasis","Biomin"
"900","GO:0097581","regulation of plasma membrane bounded cell projection organization","Biomin"
"901","GO:0097659","transcription by RNA polymerase II","Down, Up"
"902","GO:0097722","flagellated sperm motility","Biomin"
"903","GO:0098609","heterophilic cell-cell adhesion via plasma membrane cell adhesion molecules","Biomin"
"904","GO:0098655","divalent metal ion transport, endocytosis","Biomin, Up"
"905","GO:0098656","chloride transport","Biomin"
"906","GO:0098657","vesicle-mediated transport, import into cell","Biomin, Down, Up"
"907","GO:0098659","inorganic cation import across plasma membrane","Biomin"
"908","GO:0098660","inorganic cation import across plasma membrane, endocytosis","Biomin, Up"
"909","GO:0098661","chloride transport","Biomin"
"910","GO:0098662","divalent metal ion transport","Biomin"
"911","GO:0098703","ion homeostasis","Biomin"
"912","GO:0098732","macromolecule deacylation","Biomin"
"913","GO:0098739","inorganic cation import across plasma membrane","Biomin"
"914","GO:0098742","heterophilic cell-cell adhesion via plasma membrane cell adhesion molecules","Biomin"
"915","GO:0098754","cellular response to chemical stimulus","Biomin"
"916","GO:0098771","ion homeostasis, intracellular monoatomic ion homeostasis, intracellular monoatomic cation homeostasis","Biomin, Down, Up"
"917","GO:0098869","cellular response to chemical stimulus","Biomin"
"918","GO:0098916","positive regulation of cell communication, modulation of chemical synaptic transmission","Biomin, Down"
"919","GO:0099177","positive regulation of cell communication, modulation of chemical synaptic transmission, regulation of trans-synaptic signaling","Biomin, Down, Up"
"920","GO:0099536","positive regulation of cell communication, modulation of chemical synaptic transmission","Biomin, Down"
"921","GO:0099537","positive regulation of cell communication, modulation of chemical synaptic transmission","Biomin, Down"
"922","GO:0099587","inorganic cation import across plasma membrane","Biomin"
"923","GO:0104004","cellular response to environmental stimulus","Down"
"924","GO:0106030","cell development","Biomin"
"925","GO:0106056","regulation of response to stimulus","Biomin"
"926","GO:0120031","regulation of plasma membrane bounded cell projection organization, epigenetic regulation of gene expression, organelle fission","Biomin, Down, Up"
"927","GO:0120032","regulation of plasma membrane bounded cell projection organization","Biomin"
"928","GO:0120033","negative regulation of nucleobase-containing compound metabolic process","Biomin"
"929","GO:0120035","regulation of plasma membrane bounded cell projection organization, epigenetic regulation of gene expression, organelle fission","Biomin, Down, Up"
"930","GO:0120036","regulation of plasma membrane bounded cell projection organization, epigenetic regulation of gene expression, organelle fission","Biomin, Down, Up"
"931","GO:0120039","regulation of cell morphogenesis involved in differentiation, plasma membrane bounded cell projection morphogenesis","Biomin, Down, Up"
"932","GO:0140013","meiotic nuclear division","Up"
"933","GO:1901135","carbohydrate derivative metabolic process, carbohydrate derivative biosynthetic process","Biomin, Down, Up"
"934","GO:1901137","carbohydrate derivative biosynthetic process","Down, Up"
"935","GO:1901160","primary amino compound metabolic process","Biomin"
"936","GO:1901214","regulation of neuron death","Down"
"937","GO:1901360","nicotinamide nucleotide metabolic process, mRNA metabolic process","Biomin, Down, Up"
"938","GO:1901362","transcription by RNA polymerase II","Down, Up"
"939","GO:1901564","protein processing, macromolecule metabolic process, purine nucleotide metabolic process","Biomin, Down, Up"
"940","GO:1901565","cellular protein catabolic process, cellular macromolecule catabolic process, positive regulation of protein catabolic process","Biomin, Down, Up"
"941","GO:1901566","transcription by RNA polymerase II","Down, Up"
"942","GO:1901575","cellular protein catabolic process, cellular macromolecule catabolic process, positive regulation of protein catabolic process","Biomin, Down, Up"
"943","GO:1901576","transcription by RNA polymerase II","Down, Up"
"944","GO:1901605","oxoacid metabolic process","Biomin"
"945","GO:1901615","organic hydroxy compound metabolic process","Biomin, Up"
"946","GO:1901652","response to alcohol, response to acid chemical","Down, Up"
"947","GO:1901653","response to alcohol","Down"
"948","GO:1901654","response to reactive oxygen species","Biomin"
"949","GO:1901655","response to reactive oxygen species","Biomin"
"950","GO:1901660","divalent metal ion transport","Biomin"
"951","GO:1901698","cellular response to chemical stimulus, response to alcohol, response to acid chemical","Biomin, Down, Up"
"952","GO:1901699","cellular response to chemical stimulus, response to alcohol","Biomin, Down"
"953","GO:1901700","response to reactive oxygen species, response to alcohol, response to acid chemical","Biomin, Down, Up"
"954","GO:1901701","response to reactive oxygen species, response to alcohol, response to acid chemical","Biomin, Down, Up"
"955","GO:1901987","microtubule cytoskeleton organization involved in mitosis, negative regulation of cell cycle","Biomin, Down"
"956","GO:1902284","regulation of axon extension involved in axon guidance","Biomin"
"957","GO:1902305","regulation of vesicle-mediated transport","Biomin"
"958","GO:1902414","macromolecule localization","Biomin"
"959","GO:1902476","chloride transport","Biomin"
"960","GO:1902531","regulation of intracellular signal transduction, G protein-coupled receptor signaling pathway, enzyme-linked receptor protein signaling pathway","Biomin, Down, Up"
"961","GO:1902532","positive regulation of signal transduction, G protein-coupled receptor signaling pathway, enzyme-linked receptor protein signaling pathway","Biomin, Down, Up"
"962","GO:1902533","positive regulation of signal transduction, G protein-coupled receptor signaling pathway, enzyme-linked receptor protein signaling pathway","Biomin, Down, Up"
"963","GO:1902600","divalent metal ion transport","Biomin"
"964","GO:1902656","ion homeostasis","Biomin"
"965","GO:1902667","regulation of response to external stimulus","Biomin"
"966","GO:1902679","negative regulation of nucleobase-containing compound metabolic process, negative regulation of transcription by RNA polymerase II","Biomin, Down, Up"
"967","GO:1902680","positive regulation of biological process","Down, Up"
"968","GO:1902806","microtubule cytoskeleton organization involved in mitosis","Biomin"
"969","GO:1902850","microtubule cytoskeleton organization involved in mitosis","Biomin"
"970","GO:1902903","epigenetic regulation of gene expression, organelle fission","Down, Up"
"971","GO:1903046","meiotic nuclear division","Up"
"972","GO:1903047","microtubule cytoskeleton organization involved in mitosis, negative regulation of cell cycle, meiotic nuclear division","Biomin, Down, Up"
"973","GO:1903426","reactive oxygen species metabolic process","Biomin"
"974","GO:1903427","reactive oxygen species metabolic process","Biomin"
"975","GO:1903506","regulation of small molecule metabolic process, regulation of metabolic process, negative regulation of protein modification process","Biomin, Down, Up"
"976","GO:1903507","negative regulation of nucleobase-containing compound metabolic process, negative regulation of transcription by RNA polymerase II","Biomin, Down, Up"
"977","GO:1903508","positive regulation of biological process","Down, Up"
"978","GO:1903530","regulated exocytosis","Down"
"979","GO:1903532","regulated exocytosis","Down"
"980","GO:1903706","regulation of hemopoiesis, hemopoiesis","Down, Up"
"981","GO:1903829","positive regulation of protein secretion, regulation of transmembrane transport","Down, Up"
"982","GO:1904062","regulation of vesicle-mediated transport","Biomin"
"983","GO:1904396","synapse organization","Biomin"
"984","GO:1904951","positive regulation of protein secretion, regulation of transmembrane transport","Down, Up"
"985","GO:1905330","epidermis development","Biomin"
"986","GO:1990138","regulation of axon extension involved in axon guidance","Biomin"
"987","GO:1990748","cellular response to chemical stimulus","Biomin"
"988","GO:1990778","macromolecule localization","Biomin"
"989","GO:2000026","negative regulation of cell morphogenesis involved in differentiation, negative regulation of neurogenesis, positive regulation of cell development","Biomin, Down, Up"
"990","GO:2000027","sensory organ development","Biomin"
"991","GO:2000112","regulation of small molecule metabolic process, regulation of DNA metabolic process","Biomin, Down, Up"
"992","GO:2000113","negative regulation of nucleobase-containing compound metabolic process, regulation of DNA metabolic process","Biomin, Down, Up"
"993","GO:2000145","actin-mediated cell contraction, positive regulation of cell migration, regulation of cell migration","Biomin, Down, Up"
"994","GO:2000146","actin-mediated cell contraction","Biomin"
"995","GO:2000147","actin-mediated cell contraction, positive regulation of cell migration, regulation of cell migration","Biomin, Down, Up"
"996","GO:2000377","reactive oxygen species metabolic process","Biomin"
"997","GO:2000378","reactive oxygen species metabolic process","Biomin"
"998","GO:2000479","negative regulation of protein metabolic process","Biomin"
"999","GO:2001141","regulation of small molecule metabolic process, regulation of metabolic process, negative regulation of protein modification process","Biomin, Down, Up"
"1000","GO:2001222","actin-mediated cell contraction","Biomin"
"1001","GO:2001223","actin-mediated cell contraction","Biomin"
"1002","GO:2001224","actin-mediated cell contraction","Biomin"
